id,name,cuisine,location,openingHours,website,description
1,Pickle & Rye,American,"31 Sheen Ln, East Sheen, London SW14 8AB",5-9pm,https://www.pickleandrye.com/,"Founders Alex and Val met each other by chance, in an unfamiliar environment (two Americans living and traveling in the UK) through a discussion about food, soon realising they shared a deeper connection. As their relationship progressed, so did their belief that good food was as closely connected to family and the comforts of home as it was to travel and adventure. In attempt to marry both, and shortly before marrying each other, Pickle & Rye, a small home-style American caf√© set in East Sheen, London was born. In 2010 in its early days, before there was such a widespread American influence in London, Pickle & Rye was a simple sandwich shop, showcasing the humble sarnie and showing local residents it could be so much more than a piece of rubbery ham slapped in between two slices of lackluster industrial-made bread. The menu focused on homemade ingredients from the pickles to the sauces, to the salt beef, just like Val and Alex‚Äôs childhood dictated it should be. As local families started to pile into Pickle & Rye‚Äôs cozy, comforting arms in search of truly satisfying sandwiches, Val and Alex knew it was time to expand. Now open for brunch, lunch and dinner Pickle & Rye offers Londoners a true American experience, no gimmicks or formal attire required. Our food fosters a sense of family; made from wholesome, real ingredients, and packed full of flavour. From blueberry pancakes and eggs Benedict to juicy burgers, mouthwatering sandwiches, seasonal pies and baked goods and glorious milkshakes, our food is made fresh to order and served in a relaxed and welcoming environment. At Pickle & Rye we believe good food doesn‚Äôt require fancy cutlery or exotic ingredients to be enjoyed, and everyone is always welcome at our table."
2,Joe & Co. Burgers,American,"397 North End Rd, Fulham, London SW6 1NR",9am-11:45pm,https://joeandcoburgers.co.uk/,"Looking for a top restaurant in Fulham? For dining out in London in casual surroundings that serve scrumptious fare without an ounce of pretension, there is no better setting than here at Joe & Co. Burgers. The relaxed atmosphere is created in no small part by the friendly, dynamic and energetic service staff on show, who work with the enthusiastic team of chefs in the creation of a truly satisfying dining experience for all involved. As can be expected by when reading the name, the star of the show at Joe & Co. Burgers is that of the gourmet burger. Few London restaurants can claim to be better for lovers of the delicacy, we serve everything from a flavoursome Halloumi number to a chipotle-topped beef delight in the Diablo. All of our burgers are made using the highest quality 28 Days Aged Yorkshire beef sourced from UK farmers and can be found on the menu alongside the odd hot dog option, which is always there for someone in search of something a little different. Whether it‚Äôs for a catch-up with an old friend, a small celebration or a casual afternoon out with the significant other, one and all are catered to in style at our gourmet burger restaurant in Fulham. Call us on 020 7381 4178 to make a reservation or enquire about our menu."
3,Dip and Flip,American,"87 Battersea Rise, London SW11 1HW",12-10pm,https://www.dipandflip.co.uk/,"The wheels of the gravy train began spinning in September 2013, first stop Battersea Rise. Since then we have successfully opened further restaurants in South West London. With multiple pop ups, Latitude Music Festival 2018 and National Burger Day 2015 -18 under our belt the future for Dip & Flip looks juicy and exciting. We specialise in roast meat sandwiches dipped in gravy (Dip) and flat griddle smashed burgers (Flip)."
4,Breakfast & Burgers,American,"106 Leadenhall St, London EC3A 4AA",7:30am-2pm,http://breakfastandburgers.com/,"Our burgers are made from 28 day aged grass fed Scottish beef & made fresh daily. Our patties are custom blended, cooked to order & served with lettuce, gherkin, tomato, red onion garnish & our chef‚Äôs homemade burger sauce. All our beef patties are 5oz, hand made daily & cooked from fresh‚Ä¶"
5,Burger & Shake,American,"47 Marchmont St, Bloomsbury, London WC1N 1AP",12-10:30pm,https://burgerandshake.co.uk/,"American-style burgers, hot dogs served with sauerkraut and fries, and Bourbon-infused milkshakes."
6,Fishers,British,"19 Fulham High St, Fulham, London SW6 3JH",12-10pm,https://fisherslondon.co.uk/,"We pride ourselves on using the best and freshest ingredients. Our fish is supplied daily so that our customers are provided with food that is fresh, healthy and it is guaranteed to have the best supply of omega-3 fatty acids. For our golden & crispy chips, we source the best potatoes that guarantee crispy chips on the outside but nice & fluffy on the inside. These are fried separately from any meat and fish products in the highest quality vegetable oil-free of hydrogenated fats and no GM resulting in a perfect chip, which is perfectly suitable for our Vegan clients. We go through all the efforts required to source as fresh as possible with sustainable producers so that we can give our customers the best quality meal they deserve."
7,Flank,British,"Market Halls, 191 Victoria St, Victoria, London SW1E 5NE",7am-11pm,https://www.flanklondon.com/,"Bloody tasty food‚Ä¶that‚Äôs it! From humble begins as a Brighton pub pop-up, Flank has remained true to its ethos of serving flavour-packed, whole animal cooking. This accessible & sustainable nose-to-tail mantra are at the heart of each menu, across all Flank sites. In late 2017 our first London site opened in ‚ÄòThe Kitchens‚Äù, Old Spitalfields Market E1. Offering quality ‚Äòstreet food‚Äô within an open market environment, FLANK OSM has received great feedback and national recognition. Flank is going from strength to strength, opening within the new Market Halls- Victoria, in late 2018 and Market Halls- West End, in late 2019. Alongside this we have had a presence in some of England‚Äôs best festivals and run successful pop-ups in ‚ÄòThe Ace Hotel‚Äô in Shoreditch, ‚ÄòThe Print House‚Äô in Stratford & ‚ÄòKricket‚Äô in Whitechapel. We remain as hungry and ambitious as ever. With a permanent, restaurant site planned for 2020, where you will see us taking FLANK into new and exciting directions."
8,Terry's Cafe London,British,"158 Great Suffolk St, London SE1 1PE",8am-3pm,https://terryscafe.co.uk/,"Terry came from a modest family of cooks. His Dad was a chef in the Army and his Mum a pastry cook, so naturally he grew up around food. Terry was born and raised in South London and all his family were from Borough, where bomb sites were the playground of his childhood. Like most working class London families at the time, Summer holidays were spent working on the hop farms around Kent collecting hops for the local breweries. During the war Terry was evacuated to Folkstone, where he lived with an Army major and his wife. After the bombs stopped falling, Terry was reunited with the major on a trip down memory Lane which resulted in his ownership of 2 pigs. This quickly turned into a small holding with 2000 pigs. At age 17, Terry got a job at Smithfield meat market, where he learnt the trade of butchery. After a long career in the market, he decided it was time for a change of direction in order he could spend time with his young family. In 1982 he opened what is now known as Terry‚Äôs caf√©. With his extensive product knowledge, cooking and butchering skills he produced wonderful home-cooked food using produce from the nearby Smithfield and Borough markets. During his life, Terry was an Ambassador for the local community. He passed on his values and experience to his son, Austin, who was named after Austin‚Äôs of Peckham, a former antiques shop located on Rye Lane. Austin has worked at Terry‚Äôs since becoming a Saturday boy at the age of 14. Now in his thirties, he plans to move forward with his Dad‚Äôs winning formula and continue to promote traditional values and British culture in a positive fashion."
9,Mother Mash,British,"26 Ganton St, Soho, London W1F 7QZ",8:30am-12am,https://www.mothermash.co.uk/,"Not much to look at, admittedly. But in our hands it becomes the ULTIMATE FEEL-GOOD FOOD. Perhaps it‚Äôs the way we use only locally sourced potatoes and make our mash fresh for every person. Perhaps it‚Äôs the delicious choice of organic sausages, gourmet pies and TASTY GRAVIES that accompany it. Or maybe it‚Äôs just that FRESHLY-MADE MASH makes everyone feel good. Whatever it is, at Mother Mash you can expect HEART-WARMING, HAPPY, soul food every day of the week."
10,The Table Cafe,British,"83 Southwark St, London SE1 0HX",8am-4pm,https://www.thetablecafe.com/,"As the area around us has continued to develop and evolve over the years, so have we! We are extremely proud of where we have come in the past fifteen years and are looking forward to the next chapter and continuously adapting. Our owner, architect Paul Appleton of Allies and Morrison, is determined to keep the Table‚Äôs integrity and commitment to sustainable sourcing. Simple food of the highest quality, served in a warm and friendly environment which ensures our valued guests always leave with a smile on their faces! This is our goal and what we will always strive to achieve."
11,Cafe TPT,Chinese,"21 Wardour St, West End, London W1D 6PN",12pm-1am,http://www.cafetpt.com/,"An extensive menu of classic Chinese street food dishes in a cozy setting with light wood interiors."
12,Fei Er Cottage,Chinese,"37 Strutton Ground, Westminster, London SW1P 2HY",11:30am-10pm,https://www.feier-restaurant.co.uk/,"The whole concept and idea of the Fei Er Cottage goes back to the old Chinese home cottages which could be found in the Chinese countryside as well as in the mountains. ‚Äã People lived on farms and completely sustained themselves with home-produced foods from their own fish and animal farms, crops and spice gardens. ‚Äã With that in mind the Fei Er Cottage is dedicated to creating a quiet, homey yet elegant space where friends and family can sit down, relax and have a chat while enjoying healthy and locally sourced traditional Chinese slow food and escaping from the big city life."
13,The Sichuan Restaurant,Chinese,"14 City Rd, Finsbury, London EC1Y 2AA",12-11pm,http://www.thesichuan.co.uk/,"Chef Zhang and his family have lived for generations in the Chinese city of Chengdu, the place where Sichuan cuisine originated; a talent for cooking runs deep in his blood. Chef Zhang is a third-generation chef, and thus his love for Sichuan cuisine has been cultivated from a very young age. He was trained both by his uncle and grandfather, a grandfather who was appointed as the personal chef for the late Premier of the People‚Äôs Republic of China, Deng Xiaoping (ÈÇìÂ∞èÂπ≥). This adoration for cooking is something that Chef Zhang has embraced and refined across the world. Chef Zhang‚Äôs formative training was completed at the prominent Hibiscus Restaurant in Chengdu, and here he was recognised as a raw talent. His enticing food facilitated his appointment as head chef in a variety of establishments in both Beijing and Shanghai, before his move to London. Since this time Chef Zhang‚Äôs popularity in the city has been firmly established as his culinary skill and mouth-watering dishes have certainly proved their appeal. In 2005, he was the head chef at BarShu Restaurant, combining authenticity with innovation to create an exciting Sichuanese menu. Only three years later, Chef Zhang was awarded the Gold title at the 5th International Competition of Eat East Food in Beijing. In 2011 Zhang‚Äôs achievements were acknowledged further as he was selected to represent the United Kingdom at the Worlds of Flavour Conference, organised by the Culinary Institute of America, where he was asked to showcase the gold standard of Sichuanese food. Later that year he was invited by Fuchsia Dunlop to help prepare her cookbook, ‚ÄòEvery Grain of Rice: Simple Chinese Home Cooking‚Äô, published in 2012. Chef Zhang‚Äôs appointment as the head chef of HuTong in The Shard concluded a year of recognition for his outstanding culinary achievements."
14,Jen Cafe,Chinese,"4-8 Newport Pl, West End, London WC2H 7JP",11:30am-9pm,https://chinatown.co.uk/en/restaurant/jen-cafe/,"You will know it by its vivid jade green hue. Walking along Newport Place, the eye-popping Jen Caf√© is a bright green beacon of joy. Their specialty is tea ‚Äì and lots of it. From the florally sweet Chrysanthemum Honey to fruity Lemon Kumquat, most of their oriental teas can be served hot or cold to suit your mood ‚Äì or temperature. Of course, bubble tea of all colours, flavours and sweetnesses can be slurped at Jen Caf√©. Depending on your palate preference, you can go sweet with something like their Iced Mango Pearl Delight, or savoury with Iced Peanut or Sesame Delight. All of which come with the obligatory tapioca balls to disappear up your straw. Food-wise, you‚Äôve got to taste their succulent spicy-pork-and-vegetable-filled Beijing Dumplings, which ‚Äì should you pass by in the day ‚Äì can be seen being lovingly crafted in the window. Perfectly pinched parcels of perfection. Outside of this, there‚Äôs enough variety on their menu to give many of Chinatown‚Äôs restaurants a run for their money. Their barbecue options are especially plentiful. Get your teeth stuck into sticky Honey BBQ Pork or Soya Sauce Octopus, for instance. If you‚Äôre after a Brit fix, Jen Caf√© also offer comforting English favourites like Horlicks, Ovaltine, cheese on toast, and scrambled eggs and ham. There‚Äôs no excuse not to find it, just look for Jen‚Äôs vibrant jade exterior ‚Äì and make passers-by green with envy at your delicious dumplings."
15,Canton,Chinese,"11 Newport Pl, West End, London WC2H 7JR",12-11pm,https://chinatown.co.uk/en/restaurant/canton/,"Showcasing their freshly-roasted duck and juicy pork belly in their window, it‚Äôs difficult to walk past Canton without being drawn closer by the scent of sweet and sticky barbecued meats. Their simple offering is rough-around-the-edges, home-style Chinese barbecue, piled high on a plate. Hand-sliced noodles are just one of the traditional ways things are done here, as Canton flies the flag for the Chinese old school in a sea of modern restaurants. One of the area‚Äôs oldest restaurants, its status is legendary, testament to their loyal fanbase of customers who‚Äôve been dining here for thirty years. Beef brisket, ribs, roast pork noodle soup, and the ubiquitous crispy duck done reliably well are Canton‚Äôs specialties, with some nose-to-tail menu items available to tempt the more adventurous. If you fancy eating according to the seasons, Canton offers four-season-themed set menus for two. Spring features bright, lighter dishes like Lemon Chicken and Beef with Ginger and Spring Onion, while Autumn offers heartier ones such as Deep Fried Crispy Beef and Fried Prawns Sichuan Style. What Canton lacks in show-y glamour (the vibe is no-frills, caf√© style) it makes up for in fabulous food in belly-swelling, generous portion sizes."
16,Flavourtown Bakery,Dessert,"771 Fulham Rd, Fulham, London SW6 5HA",10am-6pm,https://www.flavourtownbakery.co.uk/,"Welcome to the world of London's multi award winning Flavourtown Bakery. Our cupcakes, cakes and brownies are hand baked every morning using the worlds finest ingredients. We hand deliver across London so whether you need a rainbow cake, corporate branded cupcakes or just an epic special occasion or birthday cake we've got you. This is THE place to order cupcakes online for London delivery."
17,Happy Donuts,Dessert,"254 Portobello Rd, Notting Hill, London W11 1LL",10am-11pm,http://www.happydonuts.co.uk/,"Jonathan was inspired to launch Happy Donuts in 2016. ‚ÄúI‚Äôve worked in the restaurant business for 15 years ‚Äì sushi bars, French cuisine, Italian and Persian styles ‚Äì but I am a lover of donuts!‚Äù Every one sold is made by hand, using only organic flour, butter, milk and Swiss chocolate. The added fruit ingredients, such as raspberries and strawberries, are locally sourced from the market on Portobello Road. And the happiness doesn‚Äôt close with the shutters ‚Äì no donut made is left overnight, so any excess is donated directly to charity at the end of the day. A sweet contribution from a warm-hearted business, serving the community lip-licking treats from 10pm ‚Äì 6pm daily at 254 Portobello Road, London, W11 1LL"
18,The Crepe Factory,Dessert,"297 North End Rd, Hammersmith, London W14 9NS",10am-11pm,http://thecrepefactory.juisyfood.com/,"All our Cr√™pes are freshly made to order using traditional French cooking methods. Our ice creams are freshly made in-house."
19,Maison Souss,Dessert,"104 Uxbridge Rd, Shepherd's Bush, London W12 8LR",7am-12am,https://www.facebook.com/maisonsouss/,"Maison Souss is located a few minutes walk from Shepherds Bush Market, the O2 Empire and Westfield Shopping Centre. Shepherds Bush Market station, Shepherds Bush station and Goldhawk Road station are all within 5 minutes walk. Maison Souss has been producing quality cakes and pastries for over 20 years. The low cost and high quality products attract customers from near and far all the way from Brighton and Oxford. Come and visit us at 104 Uxbridge Road and make Maison Souss your choice in delicacies. At Maison Souss we pride ourselves on producing high quality bakery products at very affordable prices. This approach has helped us building a lasting relationship with both customers and retailers. We provide a wide variety of cakes for every occasion. From birthdays, graduations to congratulations and any other celebrations. We tailor each cake specifically to how you want it to look and taste with that all important Maison Souss touch. We know how important that special day is for you. Our highly skilled chefs pay special attention to detail to create a flawless cake for you. To discuss your requirements for your cake come and visit us in our shop at 104 Uxbridge Road or alternatively you can email us by filling out our contact form below. We are looking forward to working with you to create that special cake."
20,Hans and Gretel,Dessert,"Unit 91, Camden Market (North Yard, Camden Town, London NW1 8AH",11am-8pm,https://hansgretel.com/?lang=en,"Once upon a time, in one of the most beautiful neighborhoods of Athens, Monastiraki, the good witch Emily began her magical journey. A very different sweet house, becomes everyday a magical gateway to a world of childish laughter and sugar. The journey goes on spreading sweet magic in many places, both inside and outside Greece! Release the little child that is hiding inside you and let it live an unforgettable experience ‚Ä¶"
21,Indian Express,Indian,"3 N End Parade, Hammersmith, London W14 0SJ",5:30-11pm,https://indianexpressonline.co.uk/,"Welcome to Indian Express! Beautiful, traditional and delicious Indian cuisine! We have a wide range of dishes available to suit you! We are based in West Kensington London, covering the following areas; Hammersmith, Earl's Court, West Brompton, Sands End, Fulham, Hurlingham, Holland Park and Shepherd's Bush. We offer delivery and take out services, you can also dine in with us too! Contact us today to order or reserve a table!"
22,Memories of Indian Kensington,Indian,"18 Gloucester Rd, South Kensington, London SW7 4RB",4-10pm,https://www.memoriesofindia.com/,"Memories of India Gloucester Road offers a range of traditional as well as creative Indian dishes. ÔªøThe group is always striving to bring an authentic Indian experience to our patrons by offering authentic food as served in India, with a twist of ingenuity. Ôªø Our award winning chefs and culinary team are highly experienced so you may enjoy a pleasant and a memorable dining experience. We only use the finest ingredients in our cooking to create unique dishes that have an uncompromising taste that is not only fresh but also mouth watering. \"Memories of India continues to win friends with its consistently enjoyable cooking. An attractive menu lists and explains a tempting variety of lamb, chicken and prawn dishes, including kebabs, tandooris, biryanis, and curries at most points on the heat spectrum...\" (Egon Ronay)"
23,Dhaba@49,Indian,"49 Chippenham Rd, London W9 2AH",12-10:30pm,https://dhaba49.com/,"Perfect for discreet occasions and business dinners, our lavish new Private Dining Room is set away from the main restaurant and seats up to 22 guests. Exclusive hire entails access to special menus and use of a drop-down projector."
24,Taste of India,Indian,"51 Queensway, Bayswater, London W2 4QH",8:30am-10:30pm,http://www.tasteofindia.asia/,"Taste of India is one of the finest restaurants. The food, service and the ambience all are excellent and as a whole they make Taste of India a restaurant above other. After 19 years, we have gathered lot of experience in organizing weddings, parties, catering and special functions. Stop in and enjoy your favorite Indian Dishes, freshly and lovingly prepared. The white walls with decorative touches make this low-ceilinged restaurant fantastic which is situated at London. The food in Taste of India is of high quality. The menu is a Standard Indian menu with all the delicacies included. You will find authentic Indian food ‚Äì rich curries, creamy masalas, vindaloos and everything that you dream of in an Indian cuisine."
25,Little India London,Indian,"32 Gloucester Rd, South Kensington, London SW7 4RB",3-10pm,https://www.littleindialondon.com/,"For anyone who enjoys quality freshly cooked Indian food, you will love Little India! Little India brings to you some of the finest, most flavoursome and most authentic Indian food in London, that consistently impresses our diners. Our award-winning chefs and culinary team are highly experienced, ensuring that each time you visit us, you will enjoy a pleasant and a memorable dining experience."
26,Al Santo,Italian,"23 Vanston Pl, Fulham, London SW6 1AZ",10am-10:30pm,https://www.alsanto.co.uk/,"Born out of authenticity and simplicity, our cuisine gather the best of italian and greek food, making a point of turning the humblest ingredients into astonishing dishes."
27,The Chelsea Corner,Italian,"451 Fulham Rd, Chelsea, London SW10 9UZ",5-10pm,https://www.thechelseacorner.com/,"The decor of the restaurant and bar exudes calm with its neutral tones, herbaceous plants and brass hardware finishes. Plush beige and sage dining chairs with pine tables transcend you to a serene atmosphere where you can focus solely on the exquisite flavours be it from the food, wine or cocktails. Authentic Italian for us always means the freshest ingredients that are rightly dictated by the season. Everything here is homemade and sourced with love and passion, from our daily landed fish to vegetables from New Covent Garden Market. Walk into The Chelsea Corner anytime and you will be spoiled with a selection of coffees or bar snacks to kick start your day. When you‚Äôre dining with us for lunch or dinner, you‚Äôll be transported on a journey through Italian cuisine whilst remaining in the heart of Chelsea. We have successfully created a space which is fitting for family lunch, drinks, afternoon tea or dinner for a special occasion."
28,Cacciari's Restaurant,Italian,"82 Pembroke Rd, Kensington, London W8 6NX",12-11pm,https://cacciaris.co.uk/,"Cacciari‚Äôs restaurants have been established with the purpose of making their customers familiar with the culinary traditions of Emilia Romagna, Italian region. Our restaurants are based on the concept of the typical ‚Äútrattoria Bolognese‚Äù, that mainly emphasises the quality and the freshness of the raw materials. Through direct import and artisan production of our ingredients, we strive to keep alive our connection with our homeland. All our imported products are carefully selected from the best available suppliers in our native region. Our specialties, such as Piadina Romagnola, Garganelli and the famous Tortellini are handmade on our premises.We believe that freshness is the key factor of quality. Therefore, our in-house production guarantees that our customers are offered only fresh products prepared every morning. All sauces are freshly cooked and each product is made by following the old procedures and traditions from Bologna: bread, pasta, piadina, pizza and desserts. The only items that are not directly imported by us are: meat, fish, fruit and vegetables. However, we purchase them from the best local markets, selecting carefully the best available quality: Fish from Billingsgate market Meat from Smithfield market Fruit and Vegetables from Covent Garden market The production of all our ingredients, all strictly handmade, has been for more than ten years the expression of genuine food, because preparing good and genuine food is our tradition."
29,Maurizio Barca,Italian,"102 North End Rd, Hammersmith, London W14 9EX",5-10pm,https://www.mauriziobarca.co.uk/,"We are passionate about the real Italian cuisine and the genuine good flavours. Maurizio Barca is not an ordinary Italian restaurant but is the right place to experience the Italian way of living life and the traditional and real Italian food. Maurizio Barca‚Äôs menu offers classic Italian dishes characterized by the faithful and unconditional preservation and respect of the original Italian receipe. The great care in choosing ingredients and raw materials is another feature that makes Maurizio Barca a unique and amazing food experience."
30,Grato,Italian,"9 Kensington Square, Kensington, London W8 5EP",12-11pm,https://www.gratolondon.com/,"Located at 9 Kensington Square, London ‚Äî and just a short stroll from Hyde Park ‚Äî grato is a chic Italian restaurant split over two levels. With a focus on regional cuisine and the freshest ingredients, every dish is imbued with culture. Our handmade pasta is crafted with love in our very own kitchen; our wines are sourced from artisan vineyards. Our evolving menus reflect the seasons and celebrate Italy‚Äôs culinary wonders. Sample ravioli, tagliolini, and organic sourdough bruschetta. Indulge in prosciutto di Parma, veal scaloppine, and blood orange polenta cake. What‚Äôs more, our heavenly tiramisu has proved a hit with Italian natives. They claim our coffee-flavoured dessert is better than what they‚Äôve had in the motherland. We‚Äôve got to admit ‚Äî it is irresistible!"
31,Suzu House,Japanese,"170-172 Hammersmith Rd, Hammersmith, London W6 7JP",12-10pm,https://suzuhouse.co.uk/,"Suzu House is a place where you can pick up a new, creative skill. In such a busy world I believe that it‚Äôs important to find time to take part in a craft, and perhaps learn a new one. This is a space where people of different ages and backgrounds can come together and enjoy learning an activity alongside others, and I look forward to learning more skills as well. There will be all sorts of cooking and crafting classes, there‚Äôs something for everyone! I hope to see you in a class soon! But for now, enjoy our shop."
32,Kappa Sushi,Japanese,"139 Earls Ct Rd, Earl's Court, London SW5 9RH",12-10pm,http://kappasushi.co.uk/,"Our chef has a deep appreciation for the Japanese culture quite apart from the more technical aspects of food preparation. He has worked for more than 13 years in a range of Japanese restaurants. Just before launching Kappa Japanese Restaurant he worked at the very well known Nobu Japanese Restaurant in Mayfair. The concept of Kappa Japanese Restaurant was to provide top quality Japanese food at reasonable prices. It is a cosy restaurant with 40 covers and a warm friendly atmosphere."
33,Kikuchi Sushi,Japanese,"14 Hanway St, Fitzrovia, London W1T 1UD",6-11pm,https://www.kikuchisushi.com/,"Premium sushi made by owner chef Masayuki Kikuchi."
34,Tombo Cafe,Japanese,"29 Thurloe Pl, South Kensington, London SW7 2HQ",12-8:30pm,https://www.tombocafe.com/,"We started Tombo in 2009 in South Kensington with a dream that high-quality, healthy Japanese food and tea should be available to everyone. We now have 3 caf√©s. Soho opened in 2016 and Fitzrovia in 2017. We believe in using traditional Japanese ingredients and cooking techniques in our kitchens, but serving it in a modern and accessible way ‚Äì like our Japanese sushi pok√© bowls. To make it onto the Tombo menu, it has to make you feel good and be good for you. We‚Äôre also obsessed with Japanese green tea and all its health benefits, especially matcha powder green tea. You can see this influence across our menu including special drinks, cakes, and our famous soft serve matcha ice cream. Tombo, meaning ‚Äòdragonfly‚Äô, is a Japanese symbol of renewal and it represents the natural positive force that we want to create in our cafes, in our food and tea, and in our people."
35,Feng Sushi,Japanese,"218 Fulham Rd, Kensington, London SW10 9NB",12-10pm,https://www.fengsushi.co.uk/,"Have your lunch or dinner delivered fresh to your home or office or visit one of our eight London eateries for an eat-in feast or takeaway. Choose Feng for mouth-watering sushi, flavoursome chicken and delectable gyoza: perfect as a treat or if you‚Äôre rushed off your feet. Feng: Your favourite sushi. Delivered free."
36,Seoul Bakery,Korean,"14 Great Russell St, Bloomsbury, London WC1B 3NH",11am-8pm,https://seoul-bakery.business.site/,"We sell Korean foods and merch"
37,Simya Korean Restaurant,Korean,"345 North End Rd, Fulham, London SW6 1NN",12-9pm,https://www.opentable.co.uk/r/simya-korean-restaurant-london,"Simya was born with the concept ‚ÄúConscious Korean Food‚Äù since 2015. A series of Simya restaurants started a new wave in London introducing fresh taste of Korean cuisine without using any chemical ingredients. We try to reach out to every taste of our customers including vegan, glutton-free, and halal menus."
38,coco and bibi,Korean,"123 Lillie Rd, Fulham, London SW6 7SX",11am-10pm,https://www.cocoandbibi.co.uk/,"Korean Fried Chicken or \"KFC\" refers to a various type of fried chicken dishes originated from South Korea. Korean Fried Chicken is drastically unique from what you are used to, as with the Korean frying technique transforming chicken skin and fat into a thin and crispy crust. ‚Äã ‚Äã Especially Korean Sweet and Spicy Chicken is cooked by Korean-style deep frying and marinating with a Korean special sweet and spicy sauce pleasing its flavour more tasty and deep. ‚Äã Korean chicken dishes are very popular as a meal, an appetizer, and a snack and always beloved as soul food pairing with beer."
39,HanRu Restaurant,Korean,"11 Kensington High St, Kensington, London W8 5NP",12-11pm,https://www.facebook.com/hanruekensington/,"Award winning Korean 'Seoul' food HanR√º by Tasty Korea. Korean B.B.Q, Soju Bar and Karaoke. Open everyday from midday - midnight. Group bookings and party catering available!"
40,Daebak,Korean,"316-318 Kennington Ln, Vauxhall, London SE11 5HY",12-10pm,https://daebaklondon.business.site/,"Experience High quality Korean food in Daebak! üëç "
41,Melur,Malaysian,"175A Edgware Rd, Paddington, London W2 1ET",12-11pm,https://www.melur.co.uk/,"Melur is the perfect destination to taste the diverse & inventive Indonesian & Malaysian cuisine prepared with the amalgamation of traditional recipes & international techniques. It was established in year 2001 with the objective of reviving the long lost dishes from Indonesian & Malaysian kitchens. The restaurant is fully loaded with cultures, tradition, and age-old warmth of Indonesian & Malaysian hospitality. Our motto is sustainability of our community, especially farmer. Close to 90% of our ingredients are grown and procured locally to maintain the authenticity and reduce wastage. All our meat products are halal certified. We hire for attitude and train for skills to help build the positive atmosphere within the organization. We believe in connecting with our customers and expanding our family. So feel free to write to us or call us, suggestions & improvements are always welcomed here at Melur. Our facility is fully equipped to fight any food wastage and maintain the environmental balance. We are located in Edgware Road, London. To reflect the character of our unique Traditional Malaysian fusion, we have remodelled the better taste by our chef. He has presented so many mouth watering dishes for you. Our restaurant staff creates a atmosphere where you feel warm, relaxed and enjoy tasty delicious memorable food. Overall makes you feel like one your own family restaurant."
42,Satay House Malaysian Restaurant,Malaysian,"13 Sale Pl, Tyburnia, London W2 1PX",12-9:30pm,http://www.satay-house.co.uk/,"Opened in January 1973, Satay House strives to bring the unique flavours of Malaysian cuisine to the bustling streets of London. From chartered flying in the 60‚Äôs to restauranteurs in the 70‚Äôs the late Jaafar A. Shawal with his wife Zaharah Hashim were pioneers of their time. No strangers to the restaurant and hotel business, Jaafar and Zaharah had already established one of Malaysia‚Äôs first fine dining restaurants in Kuala Lumpur called the Shawal Restaurant, as well as operating the hotel and beach resort in Lumut on the West coast of Malaysia. They also operated a chartered flights company called Bumi Travel that brought tourists to Malaysia before the emergence of the larger commercial airline companies. Jaafar & Zaharah wanted to bring Malaysia‚Äôs favourite past-time to the ever increasing Malaysian community in London and share the unique taste of Malaysia with the rest of the world and what better way than to open one of London‚Äôs first traditional authentic malaysian restaurants. For over 30 years, Satay House has been a safe haven for many malaysians and locals. Visitors from around the world including the United States, France, Mexico, Japan, Nigeria have all experienced our food and left feeling mightily satisfied. The Royal family of Brunei are regulars when they are in town as well as many diplomats and politicians, who return to Satay House for a sense of nostalgia. Some celebrities have also been seen enjoying some of the delicious food on offer such as Jimmy Choo, Don Johnson and Michelle Yeoh. Today, their daughter Fatizah Shawal, with help from the family, want to continue the long standing traditions of the restaurant and help create a dining experience that is truly unforgettable."
43,Makan Cafe,Malaysian,"270 Portobello Rd, London W10 5TY",9am-9:30pm,https://www.facebook.com/Makan-Cafe-161806030536485/,"Makan Caf√© has been around for many years now, serving up a whole host of Malaysian specialities in relaxed and informal caf√© style surroundings. It is a great pit stop if you're wandering around Portobello market every Saturday and Sunday. You can choose the food from the selection of Halal ready meal dishes with variation for vegetarian and non-vegetarians or ala carte (order by selected menu). If you are not sure of what you need, we can recommend a combination which will definitely mouth watering and you will come back for more! We are expanding our business and serving all day Halal English Breakfast Menu from morning till night. Just drop by if you fancy a change of taste."
44,Tukdin Flavours of Malaysia Restaurant,Malaysian,"41 Craven Rd, Bayswater, London W2 3BX",12-10:30pm,http://www.tukdin.com/,"Take a stick of cinnamon, or 'kayu manis' as we call it in Malay, and the merest soup√ßon of gula melaka, the sweetness that came down from the palm tree. Throw in a dash of pepper into the mellowness of the pandan leaves now wafting from the mixture, take some persicaria odorata, and that is our daun kesum that gives the character to our dishes such as the laksa, and bits of torch ginger (bunga kantan) in thin slices or throw it whole into the boil; but how much now of the green chilli? This isn‚Äôt made-to-measure cooking, this is doing it by the feel, so much so that our chefs know how it looks when it is right, and how it feels and how it tastes to bring out just the right kind of aaaah! For our chefs know that cooking isn‚Äôt just bringing food to the table, it is the feeling and the knowing and the sights and sounds that they put into the toil. These aren‚Äôt simply food, these are memories of old Malaya. Tukdin‚Äôs Flavours of Malaysia, we‚Äôre right here when you are."
45,Mamak Don,Malaysian,"9 Parkway, Camden Town, London NW1 7PG",12-10:30pm,http://www.mamakdon.co.uk/,"It is a casual and relaxed restaurant/cafe setting providing an array of street food from Southeast Asia. Sometimes, you would find them at a roadside stall too. Here in the heart of Camden, MamakDon brings you the delights of these authentic Malaysian dishes, where you can have a taste of traditional Malaysian street food in London. Each of our dishes are prepared by our native chef from the Southeast Asia. It‚Äôs as authentic as it gets."
46,222 Vegan Cuisine,Vegetarian,"222 North End Rd, West Kensington, London W14 9NU",12-9pm,https://222vegan.com/,"222 is London‚Äôs favourite vegan restaurant. Since opening in 2004, our aim has been simple ‚Äì to welcome everyone with satisfying, delicious food which is also very good for you! All dishes are prepared to order by Ben and his kitchen using fresh natural ingredients, and techniques which preserve taste and nutritional value. This level of personal attention means that if you have a special request or particular dietary requirements we can make something just for you. Our food is low-fat, low-salt, non-GM and organic where possible. We never deep-fry or microwave. A visit to 222 is a unique dining experience. We look forward to welcoming you! Vegan Society Special: 10% Discount on Main Courses! Chinwaggers card special: 15% discount on all takeaways (lunch and a la carte dinner)!"
47,VeganE,Vegetarian,"102 Lillie Rd, Hammersmith, London SW6 7SR",5-11:30pm,https://www.tiffintom.com/menu/vegane,"Welcome to VeganE, 100% plant base and 100% Homemade restaurant in Fulham and Chelsea. Vegan Restaurant, Vegan Delivery, Vegetarian Restaurant, Fulham, ws6 7sr, hammersmith"
48,Manna,Vegetarian,"4 Erskine Rd, Primrose Hill, London NW3 3AJ",6:30-11:30pm,https://mannalondon.co.uk/,"Manna London prides itself as one of London‚Äôs leading VEGAN, PLANT and ORGANIC-based restaurants offering a comfortable and relaxed dining experience. Our entire menu and drinks offerings are Vegan-friendly, and we aim to cater for all allergies and dietary concerns with a delightful menu to match. Our range of cocktails and mocktails, protein and health drinks (including our non-alcoholic range) simply add to the total vegan experience we are offering our customers for lunch bites or evening dining. From an environmental viewpoint, we seek out sustainable products and test our carbon footprint at every juncture. Supplies are locally or UK-sourced wherever possible and our entire food offering is freshly cooked and primarily Manna-made. Food is never wasted - we have close relationships with animal rescue and welfare organisations to which Manna donates its left-over food and a percentage of its sales. We also pride ourselves in actively supporting animal Charities that attend to the well-being and recovery of abused or abandoned animals. Please refer to our ‚ÄòAnimal Donation‚Äô page for further details."
49,Sagar Hammersmith,Vegetarian,"157 King St, Hammersmith, London W6 9JT",12-9:30pm,https://www.sagarrestaurant.co.uk/,"Our chefs originate from Udupi, a small town which rests in the coastal region of the Western Ghats, in Karnataka - some 60 km from Bangalore. There, a famous temple houses an idol of Lord Krishna richly adorned in jewels. The town is a knowledge centre for authentic South Indian cuisine. Udupi chefs are renowned for the cooking of traditional, South Indian vegetarian food. Sagar is breaking new ground in South Indian vegetarian and vegan dishes, many of which are new to this country! We like to make our guests feel extraordinarily special, striving to exceed each and every customer‚Äôs expectation to make their dining experience with us a truly memorable one. The teams at all of our Sagar Vegetarian Restaurants look forward to meeting you and would like to wish you the warmest of welcomes."
50,Govinda's Pure Vegetarian Restaurant,Vegetarian,"9 Soho St, Soho, London W1D 3DL",12-7:30pm,https://www.iskcon-london.org/visit/govindas-restaurant,"Popularly known as the \"Hare Krishna's\", we are a worldwide organisation officially called ISKCON (the International Society for Krishna Consciousness). ISKCON is a bhakti-yoga tradition sitting on the Gaudiya Vaishnava \"branch\" of the Hindu \"tree\". Today, ISKCON comprises of 500 major centres, temples and rural communities, hundreds of vegetarian restaurants, thousands of local meeting groups and community food relief programmes, and millions of members on every continent and in every major city in the world. The ISKCON-London Radha-Krishna Temple has wholeheartedly invested in serving and sharing our resources with the London community for nearly 50 years. We are a UK registered charity (Charity number: 1132794). There are also more than 15 ISKCON centres across the UK including our national headquarters at Bhaktivedanta Manor in Hertfordshire. Find a centre near you. Daily, we offer a variety of activities and services to our community."